Workbook

Sheet 판매원본
A1: 판매 원본
A2: 파란 글씨=입력, 검은 글씨=수식. 연/월/분기·매출·할인금액·순매출은 계산한다.
A4: 주문번호 | B4: 주문일자 | C4: 연도 | D4: 월 | E4: 분기 | F4: 판매지역 | G4: 담당자ID | H4: 상품ID | I4: 판매채널 | J4: 결제수단 | K4: 수량 | L4: 단가 | M4: 할인율 | N4: 매출금액 | O4: 할인금액 | P4: 순매출금액 | Q4: 상태
A5: ORD2024001 | B5: 45299 | C5: =YEAR(B5) | D5: =MONTH(B5) | E5: =IF(D5<=3,1,IF(D5<=6,2,IF(D5<=9,3,4))) | F5: 서울 | G5: EMP001 | H5: P101 | I5: 온라인몰 | J5: 카드 | K5: 1 | L5: 4500 | M5: 0 | N5: =K5*L5 | O5: =N5*M5 | P5: =N5-O5 | Q5: 완료
A6: ORD2024002 | B6: 45307 | C6: =YEAR(B6) | D6: =MONTH(B6) | E6: =IF(D6<=3,1,IF(D6<=6,2,IF(D6<=9,3,4))) | F6: 서울 | G6: EMP002 | H6: P102 | I6: 온라인몰 | J6: 간편결제 | K6: 4 | L6: 8900 | M6: 0 | N6: =K6*L6 | O6: =N6*M6 | P6: =N6-O6 | Q6: 완료
A7: ORD2024003 | B7: 45315 | C7: =YEAR(B7) | D7: =MONTH(B7) | E7: =IF(D7<=3,1,IF(D7<=6,2,IF(D7<=9,3,4))) | F7: 부산 | G7: EMP003 | H7: P201 | I7: 온라인몰 | J7: 계좌이체 | K7: 7 | L7: 24900 | M7: 0.05 | N7: =K7*L7 | O7: =N7*M7 | P7: =N7-O7 | Q7: 완료
A8: ORD2024004 | B8: 45323 | C8: =YEAR(B8) | D8: =MONTH(B8) | E8: =IF(D8<=3,1,IF(D8<=6,2,IF(D8<=9,3,4))) | F8: 대구 | G8: EMP004 | H8: P202 | I8: 오프라인 | J8: 카드 | K8: 2 | L8: 89000 | M8: 0.1 | N8: =K8*L8 | O8: =N8*M8 | P8: =N8-O8 | Q8: 취소
A9: ORD2024005 | B9: 45331 | C9: =YEAR(B9) | D9: =MONTH(B9) | E9: =IF(D9<=3,1,IF(D9<=6,2,IF(D9<=9,3,4))) | F9: 광주 | G9: EMP005 | H9: P203 | I9: 오프라인 | J9: 카드 | K9: 5 | L9: 32900 | M9: 0 | N9: =K9*L9 | O9: =N9*M9 | P9: =N9-O9 | Q9: 완료
A10: ORD2024006 | B10: 45334 | C10: =YEAR(B10) | D10: =MONTH(B10) | E10: =IF(D10<=3,1,IF(D10<=6,2,IF(D10<=9,3,4))) | F10: 인천 | G10: EMP006 | H10: P301 | I10: 앱 | J10: 간편결제 | K10: 8 | L10: 18900 | M10: 0 | N10: =K10*L10 | O10: =N10*M10 | P10: =N10-O10 | Q10: 완료
A11: ORD2024007 | B11: 45342 | C11: =YEAR(B11) | D11: =MONTH(B11) | E11: =IF(D11<=3,1,IF(D11<=6,2,IF(D11<=9,3,4))) | F11: 대전 | G11: EMP013 | H11: P302 | I11: 온라인몰 | J11: 계좌이체 | K11: 3 | L11: 12900 | M11: 0 | N11: =K11*L11 | O11: =N11*M11 | P11: =N11-O11 | Q11: 완료
A12: ORD2024008 | B12: 45350 | C12: =YEAR(B12) | D12: =MONTH(B12) | E12: =IF(D12<=3,1,IF(D12<=6,2,IF(D12<=9,3,4))) | F12: 서울 | G12: EMP018 | H12: P401 | I12: 온라인몰 | J12: 카드 | K12: 6 | L12: 45900 | M12: 0.05 | N12: =K12*L12 | O12: =N12*M12 | P12: =N12-O12 | Q12: 완료
A13: ORD2024009 | B13: 45358 | C13: =YEAR(B13) | D13: =MONTH(B13) | E13: =IF(D13<=3,1,IF(D13<=6,2,IF(D13<=9,3,4))) | F13: 서울 | G13: EMP001 | H13: P402 | I13: 온라인몰 | J13: 카드 | K13: 1 | L13: 129000 | M13: 0.1 | N13: =K13*L13 | O13: =N13*M13 | P13: =N13-O13 | Q13: 취소
A14: ORD2024010 | B14: 45366 | C14: =YEAR(B14) | D14: =MONTH(B14) | E14: =IF(D14<=3,1,IF(D14<=6,2,IF(D14<=9,3,4))) | F14: 서울 | G14: EMP002 | H14: P501 | I14: 오프라인 | J14: 간편결제 | K14: 4 | L14: 15900 | M14: 0 | N14: =K14*L14 | O14: =N14*M14 | P14: =N14-O14 | Q14: 완료
A15: ORD2024011 | B15: 45369 | C15: =YEAR(B15) | D15: =MONTH(B15) | E15: =IF(D15<=3,1,IF(D15<=6,2,IF(D15<=9,3,4))) | F15: 부산 | G15: EMP003 | H15: P101 | I15: 오프라인 | J15: 계좌이체 | K15: 7 | L15: 4500 | M15: 0 | N15: =K15*L15 | O15: =N15*M15 | P15: =N15-O15 | Q15: 완료
A16: ORD2024012 | B16: 45377 | C16: =YEAR(B16) | D16: =MONTH(B16) | E16: =IF(D16<=3,1,IF(D16<=6,2,IF(D16<=9,3,4))) | F16: 대구 | G16: EMP004 | H16: P102 | I16: 앱 | J16: 카드 | K16: 2 | L16: 8900 | M16: 0 | N16: =K16*L16 | O16: =N16*M16 | P16: =N16-O16 | Q16: 완료
... A52: ORD2024048 | B52: 45630 | C52: =YEAR(B52) | D52: =MONTH(B52) | E52: =IF(D52<=3,1,IF(D52<=6,2,IF(D52<=9,3,4))) | F52: 서울 | G52: EMP018 | H52: P401 | I52: 앱 | J52: 카드 | K52: 6 | L52: 45900 | M52: 0.05 | N52: =K52*L52 | O52: =N52*M52 | P52: =N52-O52 | Q52: 완료

Sheet 담당자마스터
A1: 담당자 마스터
A2: 실습 4 · CHS7006 · 입력(파란 글씨)은 마스터, 실습 시트는 수식만 쓴다
A4: 담당자ID | B4: 이름 | C4: 소속팀 | D4: 직급 | E4: 지역 | F4: 월목표
A5: EMP001 | B5: 김서연 | C5: 서울1팀 | D5: 사원 | E5: 서울 | F5: 18000000
A6: EMP002 | B6: 박민준 | C6: 서울1팀 | D6: 대리 | E6: 서울 | F6: 24000000
A7: EMP003 | B7: 이하늘 | C7: 부산팀 | D7: 과장 | E7: 부산 | F7: 30000000
A8: EMP004 | B8: 최유진 | C8: 대구팀 | D8: 사원 | E8: 대구 | F8: 16000000
A9: EMP005 | B9: 정우성 | C9: 광주팀 | D9: 대리 | E9: 광주 | F9: 22000000
A10: EMP006 | B10: 한지민 | C10: 인천팀 | D10: 과장 | E10: 인천 | F10: 28000000
A11: EMP013 | B11: 황성민 | C11: 대전팀 | D11: 팀장 | E11: 대전 | F11: 35500000
A12: EMP018 | B12: 오세훈 | C12: 서울2팀 | D12: 사원 | E12: 서울 | F12: 15000000

Sheet 상품마스터
A1: 상품 마스터
A2: 마진율은 수식 = (기준단가-원가)/기준단가
A4: 상품ID | B4: 상품명 | C4: 카테고리 | D4: 기준단가 | E4: 원가 | F4: 마진율 | G4: 재고
A5: P101 | B5: 캠퍼스 노트 | C5: 문구 | D5: 4500 | E5: 2200 | F5: =(D5-E5)/D5 | G5: 80
A6: P102 | B6: 형광펜 세트 | C6: 문구 | D6: 8900 | E6: 4100 | F6: =(D6-E6)/D6 | G6: 120
A7: P201 | B7: 무선 마우스 | C7: 디지털 | D7: 24900 | E7: 13200 | F7: =(D7-E7)/D7 | G7: 40
A8: P202 | B8: 기계식 키보드 | C8: 디지털 | D8: 89000 | E8: 51000 | F8: =(D8-E8)/D8 | G8: 18
A9: P203 | B9: USB-C 허브 | C9: 디지털 | D9: 32900 | E9: 17800 | F9: =(D9-E9)/D9 | G9: 35
A10: P301 | B10: 텀블러 500ml | C10: 생활 | D10: 18900 | E10: 8200 | F10: =(D10-E10)/D10 | G10: 55
A11: P302 | B11: 에코백 | C11: 생활 | D11: 12900 | E11: 4800 | F11: =(D11-E11)/D11 | G11: 90
A12: P401 | B12: 스터디 램프 | C12: 가구 | D12: 45900 | E12: 24100 | F12: =(D12-E12)/D12 | G12: 22
A13: P402 | B13: 접이식 책상 | C13: 가구 | D13: 129000 | E13: 72000 | F13: =(D13-E13)/D13 | G13: 12
A14: P501 | B14: 비타민C | C14: 헬스 | D14: 15900 | E14: 6100 | F14: =(D14-E14)/D14 | G14: 70

Sheet 실습
A1: 실습 워크시트
A2: 강의와 같이 빈칸은 수식으로 채운다. VLOOKUP / SUMIFS / COUNTIFS / IFS.
A4: Section 1. 담당자ID로 이름·소속·직급·월목표
A5: 담당자ID | B5: 이름 | C5: 소속팀 | D5: 직급 | E5: 월목표
A6: EMP013 | B6: =VLOOKUP(A6,담당자마스터!$A$5:$F$12,2,FALSE) | C6: =VLOOKUP(A6,담당자마스터!$A$5:$F$12,3,FALSE) | D6: =VLOOKUP(A6,담당자마스터!$A$5:$F$12,4,FALSE) | E6: =VLOOKUP(A6,담당자마스터!$A$5:$F$12,6,FALSE)
A7: EMP001 | B7: =VLOOKUP(A7,담당자마스터!$A$5:$F$12,2,FALSE) | C7: =VLOOKUP(A7,담당자마스터!$A$5:$F$12,3,FALSE) | D7: =VLOOKUP(A7,담당자마스터!$A$5:$F$12,4,FALSE) | E7: =VLOOKUP(A7,담당자마스터!$A$5:$F$12,6,FALSE)
A8: EMP003 | B8: =VLOOKUP(A8,담당자마스터!$A$5:$F$12,2,FALSE) | C8: =VLOOKUP(A8,담당자마스터!$A$5:$F$12,3,FALSE) | D8: =VLOOKUP(A8,담당자마스터!$A$5:$F$12,4,FALSE) | E8: =VLOOKUP(A8,담당자마스터!$A$5:$F$12,6,FALSE)
A9: EMP018 | B9: =VLOOKUP(A9,담당자마스터!$A$5:$F$12,2,FALSE) | C9: =VLOOKUP(A9,담당자마스터!$A$5:$F$12,3,FALSE) | D9: =VLOOKUP(A9,담당자마스터!$A$5:$F$12,4,FALSE) | E9: =VLOOKUP(A9,담당자마스터!$A$5:$F$12,6,FALSE)
A10: EMP006 | B10: =VLOOKUP(A10,담당자마스터!$A$5:$F$12,2,FALSE) | C10: =VLOOKUP(A10,담당자마스터!$A$5:$F$12,3,FALSE) | D10: =VLOOKUP(A10,담당자마스터!$A$5:$F$12,4,FALSE) | E10: =VLOOKUP(A10,담당자마스터!$A$5:$F$12,6,FALSE)
A13: Section 2. 상품ID로 상품명·카테고리·기준단가·마진율
A14: 상품ID | B14: 상품명 | C14: 카테고리 | D14: 기준단가 | E14: 마진율
A15: P202 | B15: =VLOOKUP(A15,상품마스터!$A$5:$G$14,2,FALSE) | C15: =VLOOKUP(A15,상품마스터!$A$5:$G$14,3,FALSE) | D15: =VLOOKUP(A15,상품마스터!$A$5:$G$14,4,FALSE) | E15: =VLOOKUP(A15,상품마스터!$A$5:$G$14,6,FALSE)
A16: P101 | B16: =VLOOKUP(A16,상품마스터!$A$5:$G$14,2,FALSE) | C16: =VLOOKUP(A16,상품마스터!$A$5:$G$14,3,FALSE) | D16: =VLOOKUP(A16,상품마스터!$A$5:$G$14,4,FALSE) | E16: =VLOOKUP(A16,상품마스터!$A$5:$G$14,6,FALSE)
A17: P401 | B17: =VLOOKUP(A17,상품마스터!$A$5:$G$14,2,FALSE) | C17: =VLOOKUP(A17,상품마스터!$A$5:$G$14,3,FALSE) | D17: =VLOOKUP(A17,상품마스터!$A$5:$G$14,4,FALSE) | E17: =VLOOKUP(A17,상품마스터!$A$5:$G$14,6,FALSE)
A18: P501 | B18: =VLOOKUP(A18,상품마스터!$A$5:$G$14,2,FALSE) | C18: =VLOOKUP(A18,상품마스터!$A$5:$G$14,3,FALSE) | D18: =VLOOKUP(A18,상품마스터!$A$5:$G$14,4,FALSE) | E18: =VLOOKUP(A18,상품마스터!$A$5:$G$14,6,FALSE)
A19: P203 | B19: =VLOOKUP(A19,상품마스터!$A$5:$G$14,2,FALSE) | C19: =VLOOKUP(A19,상품마스터!$A$5:$G$14,3,FALSE) | D19: =VLOOKUP(A19,상품마스터!$A$5:$G$14,4,FALSE) | E19: =VLOOKUP(A19,상품마스터!$A$5:$G$14,6,FALSE)
A22: Section 3. 채널=온라인몰 주문 건수·매출·순매출 (취소 제외)
A23: 조건 | B23: 주문건수 | C23: 매출합계 | D23: 순매출합계
A24: 온라인몰 | B24: =COUNTIFS(판매원본!$I$5:$I$52,A24,판매원본!$Q$5:$Q$52,"완료") | C24: =SUMIFS(판매원본!$N$5:$N$52,판매원본!$I$5:$I$52,A24,판매원본!$Q$5:$Q$52,"완료") | D24: =SUMIFS(판매원본!$P$5:$P$52,판매원본!$I$5:$I$52,A24,판매원본!$Q$5:$Q$52,"완료")
A27: Section 4. 담당자 순매출 등급 500만↑ VIP / 200~499만 GOLD / 100~199만 SILVER / 그 외 BRONZE
A28: 담당자ID | B28: 이름 | C28: 순매출 | D28: 등급
A29: EMP013 | B29: =VLOOKUP(A29,담당자마스터!$A$5:$F$12,2,FALSE) | C29: =SUMIFS(판매원본!$P$5:$P$52,판매원본!$G$5:$G$52,A29,판매원본!$Q$5:$Q$52,"완료") | D29: =IFS(C29>=5000000,"VIP",C29>=2000000,"GOLD",C29>=1000000,"SILVER",TRUE,"BRONZE")
A30: EMP002 | B30: =VLOOKUP(A30,담당자마스터!$A$5:$F$12,2,FALSE) | C30: =SUMIFS(판매원본!$P$5:$P$52,판매원본!$G$5:$G$52,A30,판매원본!$Q$5:$Q$52,"완료") | D30: =IFS(C30>=5000000,"VIP",C30>=2000000,"GOLD",C30>=1000000,"SILVER",TRUE,"BRONZE")
A31: EMP004 | B31: =VLOOKUP(A31,담당자마스터!$A$5:$F$12,2,FALSE) | C31: =SUMIFS(판매원본!$P$5:$P$52,판매원본!$G$5:$G$52,A31,판매원본!$Q$5:$Q$52,"완료") | D31: =IFS(C31>=5000000,"VIP",C31>=2000000,"GOLD",C31>=1000000,"SILVER",TRUE,"BRONZE")
A32: EMP001 | B32: =VLOOKUP(A32,담당자마스터!$A$5:$F$12,2,FALSE) | C32: =SUMIFS(판매원본!$P$5:$P$52,판매원본!$G$5:$G$52,A32,판매원본!$Q$5:$Q$52,"완료") | D32: =IFS(C32>=5000000,"VIP",C32>=2000000,"GOLD",C32>=1000000,"SILVER",TRUE,"BRONZE")
A33: EMP018 | B33: =VLOOKUP(A33,담당자마스터!$A$5:$F$12,2,FALSE) | C33: =SUMIFS(판매원본!$P$5:$P$52,판매원본!$G$5:$G$52,A33,판매원본!$Q$5:$Q$52,"완료") | D33: =IFS(C33>=5000000,"VIP",C33>=2000000,"GOLD",C33>=1000000,"SILVER",TRUE,"BRONZE")

Sheet 대시보드
A1: 월별 판매 대시보드
A2: 완료 주문만. 수치는 판매원본을 참조한다.
A4: 월 | B4: 주문건수 | C4: 매출 | D4: 순매출 | E4: 목표대비
A5: 1 | B5: =COUNTIFS(판매원본!$D$5:$D$52,A5,판매원본!$Q$5:$Q$52,"완료") | C5: =SUMIFS(판매원본!$N$5:$N$52,판매원본!$D$5:$D$52,A5,판매원본!$Q$5:$Q$52,"완료") | D5: =SUMIFS(판매원본!$P$5:$P$52,판매원본!$D$5:$D$52,A5,판매원본!$Q$5:$Q$52,"완료") | E5: =IF(C5=0,"-",D5/SUM(담당자마스터!$F$5:$F$12))
A6: 2 | B6: =COUNTIFS(판매원본!$D$5:$D$52,A6,판매원본!$Q$5:$Q$52,"완료") | C6: =SUMIFS(판매원본!$N$5:$N$52,판매원본!$D$5:$D$52,A6,판매원본!$Q$5:$Q$52,"완료") | D6: =SUMIFS(판매원본!$P$5:$P$52,판매원본!$D$5:$D$52,A6,판매원본!$Q$5:$Q$52,"완료") | E6: =IF(C6=0,"-",D6/SUM(담당자마스터!$F$5:$F$12))
A7: 3 | B7: =COUNTIFS(판매원본!$D$5:$D$52,A7,판매원본!$Q$5:$Q$52,"완료") | C7: =SUMIFS(판매원본!$N$5:$N$52,판매원본!$D$5:$D$52,A7,판매원본!$Q$5:$Q$52,"완료") | D7: =SUMIFS(판매원본!$P$5:$P$52,판매원본!$D$5:$D$52,A7,판매원본!$Q$5:$Q$52,"완료") | E7: =IF(C7=0,"-",D7/SUM(담당자마스터!$F$5:$F$12))
A8: 4 | B8: =COUNTIFS(판매원본!$D$5:$D$52,A8,판매원본!$Q$5:$Q$52,"완료") | C8: =SUMIFS(판매원본!$N$5:$N$52,판매원본!$D$5:$D$52,A8,판매원본!$Q$5:$Q$52,"완료") | D8: =SUMIFS(판매원본!$P$5:$P$52,판매원본!$D$5:$D$52,A8,판매원본!$Q$5:$Q$52,"완료") | E8: =IF(C8=0,"-",D8/SUM(담당자마스터!$F$5:$F$12))
A9: 5 | B9: =COUNTIFS(판매원본!$D$5:$D$52,A9,판매원본!$Q$5:$Q$52,"완료") | C9: =SUMIFS(판매원본!$N$5:$N$52,판매원본!$D$5:$D$52,A9,판매원본!$Q$5:$Q$52,"완료") | D9: =SUMIFS(판매원본!$P$5:$P$52,판매원본!$D$5:$D$52,A9,판매원본!$Q$5:$Q$52,"완료") | E9: =IF(C9=0,"-",D9/SUM(담당자마스터!$F$5:$F$12))
A10: 6 | B10: =COUNTIFS(판매원본!$D$5:$D$52,A10,판매원본!$Q$5:$Q$52,"완료") | C10: =SUMIFS(판매원본!$N$5:$N$52,판매원본!$D$5:$D$52,A10,판매원본!$Q$5:$Q$52,"완료") | D10: =SUMIFS(판매원본!$P$5:$P$52,판매원본!$D$5:$D$52,A10,판매원본!$Q$5:$Q$52,"완료") | E10: =IF(C10=0,"-",D10/SUM(담당자마스터!$F$5:$F$12))
A11: 7 | B11: =COUNTIFS(판매원본!$D$5:$D$52,A11,판매원본!$Q$5:$Q$52,"완료") | C11: =SUMIFS(판매원본!$N$5:$N$52,판매원본!$D$5:$D$52,A11,판매원본!$Q$5:$Q$52,"완료") | D11: =SUMIFS(판매원본!$P$5:$P$52,판매원본!$D$5:$D$52,A11,판매원본!$Q$5:$Q$52,"완료") | E11: =IF(C11=0,"-",D11/SUM(담당자마스터!$F$5:$F$12))
A12: 8 | B12: =COUNTIFS(판매원본!$D$5:$D$52,A12,판매원본!$Q$5:$Q$52,"완료") | C12: =SUMIFS(판매원본!$N$5:$N$52,판매원본!$D$5:$D$52,A12,판매원본!$Q$5:$Q$52,"완료") | D12: =SUMIFS(판매원본!$P$5:$P$52,판매원본!$D$5:$D$52,A12,판매원본!$Q$5:$Q$52,"완료") | E12: =IF(C12=0,"-",D12/SUM(담당자마스터!$F$5:$F$12))
A13: 9 | B13: =COUNTIFS(판매원본!$D$5:$D$52,A13,판매원본!$Q$5:$Q$52,"완료") | C13: =SUMIFS(판매원본!$N$5:$N$52,판매원본!$D$5:$D$52,A13,판매원본!$Q$5:$Q$52,"완료") | D13: =SUMIFS(판매원본!$P$5:$P$52,판매원본!$D$5:$D$52,A13,판매원본!$Q$5:$Q$52,"완료") | E13: =IF(C13=0,"-",D13/SUM(담당자마스터!$F$5:$F$12))
A14: 10 | B14: =COUNTIFS(판매원본!$D$5:$D$52,A14,판매원본!$Q$5:$Q$52,"완료") | C14: =SUMIFS(판매원본!$N$5:$N$52,판매원본!$D$5:$D$52,A14,판매원본!$Q$5:$Q$52,"완료") | D14: =SUMIFS(판매원본!$P$5:$P$52,판매원본!$D$5:$D$52,A14,판매원본!$Q$5:$Q$52,"완료") | E14: =IF(C14=0,"-",D14/SUM(담당자마스터!$F$5:$F$12))
A15: 11 | B15: =COUNTIFS(판매원본!$D$5:$D$52,A15,판매원본!$Q$5:$Q$52,"완료") | C15: =SUMIFS(판매원본!$N$5:$N$52,판매원본!$D$5:$D$52,A15,판매원본!$Q$5:$Q$52,"완료") | D15: =SUMIFS(판매원본!$P$5:$P$52,판매원본!$D$5:$D$52,A15,판매원본!$Q$5:$Q$52,"완료") | E15: =IF(C15=0,"-",D15/SUM(담당자마스터!$F$5:$F$12))
A16: 12 | B16: =COUNTIFS(판매원본!$D$5:$D$52,A16,판매원본!$Q$5:$Q$52,"완료") | C16: =SUMIFS(판매원본!$N$5:$N$52,판매원본!$D$5:$D$52,A16,판매원본!$Q$5:$Q$52,"완료") | D16: =SUMIFS(판매원본!$P$5:$P$52,판매원본!$D$5:$D$52,A16,판매원본!$Q$5:$Q$52,"완료") | E16: =IF(C16=0,"-",D16/SUM(담당자마스터!$F$5:$F$12))
A18: 전체 완료 순매출 | B18: =SUMIF(판매원본!$Q$5:$Q$52,"완료",판매원본!$P$5:$P$52)
A19: 전체 완료 주문 | B19: =COUNTIF(판매원본!$Q$5:$Q$52,"완료")
A20: 온라인몰 비중 | B20: =IF(B19=0,"-",실습!B24/B19)

Sheet 보고서
A1: 2024 판매 보고서 초안
A3: 이 시트 숫자는 대시보드·실습 시트를 참조한다. 글을 고칠 때도 수식은 건드리지 않는다.
A5: 핵심 숫자
A6: 완료 주문 수 | B6: =대시보드!B19
A7: 완료 순매출 | B7: =대시보드!B18
A8: 온라인몰 주문 | B8: =실습!B24
A9: 온라인몰 순매출 | B9: =실습!D24
A10: 온라인몰 주문 비중 | B10: =대시보드!B20
A13: 요약
A14: ="완료 주문은 "&TEXT(B6,"#,##0")&"건, 순매출은 "&TEXT(B7,"₩#,##0")&"이다. 온라인몰 주문은 "&TEXT(B8,"#,##0")&"건으로 전체의 "&TEXT(B10,"0.0%")&"를 차지한다."
A19: 등급 기준은 실습 Section 4와 같다. EMP013(황성민)부터 확인해 강의 예시와 맞춰 보면 된다.
